{"cameraMode":{"drawMode":0,"name":"Shaded","section":"Shading Mode"},"sceneLighting":true,"audioPlay":false,"sceneViewState":{"showFog":true,"showMaterialUpdate":false,"showSkybox":false,"showFlares":true,"showImageEffects":true,"showParticleSystems":true},"in2DMode":false,"pivot":{"x":4.382148742675781,"y":4.098426818847656,"z":16.452682495117189},"rotation":{"x":0.18924032151699067,"y":0.15684783458709718,"z":-0.030637560412287713,"w":0.9688433408737183},"size":97.5535659790039,"orthographic":false}